"s_id";"s_scadenza";"s_id_team";"s_id_staff";"s_descrizione";"s_abi";"s_esp";"s_mot";"s_sti";"s_car";"s_fil";"s_contrattazioni"
"1";"2010-12-29";"jammins";"4";"Psicologo Sportivo";"100";"100";"100";"100";"benefattore";"umile";"0"
"2";"2010-12-30";"jammins";"2";"Vice Allenatore";"80";"80";"80";"80";;;"0"
"3";"2010-12-28";"jammins";"10";"Preparatore Atletico";"51";"52";"53";"54";"umile";"buono";"0"
"4";"2010-12-30";"jammins";"3";"Fisioterapista";"53";"41";"83";"32780";;;"0"
"5";"0000-00-00";;"1";"Allenatore";"81";"82";"70";"835";"emotivo";"molto offensivo";"0"
"6";"2010-12-24";"jammins";"1";"Allenatore";"17";"50";"72";"7900";"bilanciato";"bilanciato";"0"
"7";"0000-00-00";;"9";"Medico";"50";"55";"88";"14500";;;"0"
"8";"0000-00-00";;"6";"Allenatore Primavera";"4";"5";"6";"0";;;"0"
"9";"0000-00-00";;"5";"Allenatore Portieri";"100";"100";"100";"100";;;"0"
"10";"2010-12-30";"jammins";"1";"Allenatore";"78";"100";"63";"63533";"bilanciato";"offensivo";"0"
"11";"0000-00-00";;"2";"Vice Allenatore";"77";"100";"55";"20160";;;"0"
"12";"0000-00-00";;"3";"Fisioterapista";"70";"100";"62";"16342";;;"0"
"13";"0000-00-00";;"4";"Psicologo Sportivo";"71";"63";"63";"15830";;;"0"
"14";"0000-00-00";;"5";"Allenatore Portieri";"53";"19";"57";"15800";;;"0"
"15";"0000-00-00";;"6";"Allenatore Primavera";"79";"100";"64";"31066";;;"0"
"16";"0000-00-00";;"7";"Addetto Stampa";"76";"86";"62";"16922";;;"0"
"17";"0000-00-00";;"8";"Commercialista";"82";"100";"63";"17460";;;"0"
"18";"0000-00-00";;"9";"Medico";"63";"70";"64";"16570";;;"0"
"19";"0000-00-00";;"10";"Preparatore Atletico";"74";"75";"63";"14770";;;"0"
"20";"0000-00-00";;"7";"Addetto Stampa";"54";"38";"94";"12780";;;"0"
"21";"0000-00-00";;"1";"Allenatore";"59";"77";"97";"100980";"bilanciato";"bilanciato";"0"
"22";"0000-00-00";;"5";"Allenatore Portieri";"70";"49";"99";"70590";;;"0"
"23";"0000-00-00";;"6";"Allenatore Primavera";"72";"81";"96";"125940";;;"0"
"24";"0000-00-00";;"8";"Commercialista";"58";"24";"97";"21920";;;"0"
"25";"0000-00-00";;"3";"Fisioterapista";"65";"76";"96";"58850";;;"0"
"26";"0000-00-00";;"9";"Medico";"57";"24";"94";"20800";;;"0"
"27";"0000-00-00";;"10";"Preparatore Atletico";"63";"53";"97";"27020";;;"0"
"28";"0000-00-00";;"4";"Psicologo Sportivo";"64";"40";"98";"41360";;;"0"
"29";"0000-00-00";;"2";"Vice Allenatore";"61";"56";"97";"33190";;;"0"
"30";"0000-00-00";;"1";"Allenatore";"59";"82";"100";"36815";"popolare";"bilanciato";"0"
"31";"0000-00-00";;"2";"Vice Allenatore";"54";"53";"97";"13590";;;"0"
"32";"0000-00-00";;"5";"Allenatore Portieri";"51";"47";"94";"15760";;;"0"
"33";"0000-00-00";;"7";"Addetto Stampa";"62";"39";"86";"35830";;;"0"
"34";"0000-00-00";;"1";"Allenatore";"75";"11";"92";"59711";"bilanciato";"bilanciato";"0"
"35";"0000-00-00";;"5";"Allenatore Portieri";"51";"30";"88";"19720";;;"0"
"36";"0000-00-00";;"6";"Allenatore Primavera";"65";"47";"90";"32140";;;"0"
"37";"0000-00-00";;"8";"Commercialista";"78";"21";"92";"22025";;;"0"
"38";"0000-00-00";;"3";"Fisioterapista";"68";"84";"99";"21550";;;"0"
"39";"0000-00-00";;"9";"Medico";"68";"44";"87";"25185";;;"0"
"40";"0000-00-00";;"10";"Preparatore Atletico";"66";"67";"97";"29392";;;"0"
"41";"0000-00-00";;"4";"Psicologo Sportivo";"72";"30";"95";"20153";;;"0"
"42";"0000-00-00";;"2";"Vice Allenatore";"74";"100";"97";"56688";;;"0"
"43";"0000-00-00";;"1";"Allenatore";"50";"56";"97";"25100";"emotivo";"offensivo";"0"
"44";"0000-00-00";;"1";"Allenatore";"59";"63";"89";"48159";"diligente";"bilanciato";"0"
"45";"0000-00-00";;"7";"Addetto Stampa";"44";"20";"89";"9230";;;"0"
"46";"0000-00-00";;"6";"Allenatore Primavera";"41";"35";"90";"6920";;;"0"
"47";"0000-00-00";;"5";"Allenatore Portieri";"48";"15";"84";"10102";;;"0"
"48";"0000-00-00";;"3";"Fisioterapista";"61";"70";"99";"18190";;;"0"
"49";"0000-00-00";;"9";"Medico";"34";"67";"89";"9010";;;"0"
"50";"0000-00-00";;"10";"Preparatore Atletico";"48";"50";"97";"7780";;;"0"
"51";"0000-00-00";;"4";"Psicologo Sportivo";"43";"45";"86";"15330";;;"0"
"52";"0000-00-00";;"2";"Vice Allenatore";"57";"58";"95";"17740";;;"0"
"53";"0000-00-00";;"1";"Allenatore";"31";"58";"72";"10830";"razionale";"offensivo";"0"
"54";"0000-00-00";;"10";"Preparatore Atletico";"64";"53";"98";"32134";;;"0"
"55";"0000-00-00";;"3";"Fisioterapista";"52";"32";"100";"20018";;;"0"
"56";"0000-00-00";;"1";"Allenatore";"68";"52";"100";"72501";"bilanciato";"bilanciato";"0"
"57";"0000-00-00";;"2";"Vice Allenatore";"49";"31";"97";"8561";;;"0"
"58";"0000-00-00";;"6";"Allenatore Primavera";"43";"31";"97";"12193";;;"0"
"59";"0000-00-00";;"1";"Allenatore";"59";"71";"64";"62";"emotivo";"bilanciato";"0"
"60";"0000-00-00";;"1";"Allenatore";"65";"44";"97";"42963";"diligente";"offensivo";"0"
"61";"0000-00-00";;"7";"Addetto Stampa";"55";"45";"99";"14595";;;"0"
"62";"0000-00-00";;"5";"Allenatore Portieri";"64";"38";"91";"18157";;;"0"
"63";"0000-00-00";;"6";"Allenatore Primavera";"65";"52";"100";"15372";;;"0"
"64";"0000-00-00";;"8";"Commercialista";"43";"35";"94";"5433";;;"0"
"65";"0000-00-00";;"3";"Fisioterapista";"68";"38";"99";"14997";;;"0"
"66";"0000-00-00";;"9";"Medico";"49";"31";"100";"12600";;;"0"
"67";"0000-00-00";;"10";"Preparatore Atletico";"61";"42";"92";"13651";;;"0"
"68";"0000-00-00";;"4";"Psicologo Sportivo";"63";"51";"100";"21080";;;"0"
"69";"0000-00-00";;"2";"Vice Allenatore";"64";"43";"97";"19142";;;"0"
"70";"0000-00-00";;"1";"Allenatore";"69";"100";"98";"188255";"diligente";"bilanciato";"0"
"71";"0000-00-00";;"2";"Vice Allenatore";"51";"60";"91";"28645";;;"0"
"72";"0000-00-00";;"5";"Allenatore Portieri";"54";"19";"96";"15049";;;"0"
"73";"0000-00-00";;"3";"Fisioterapista";"57";"40";"91";"12344";;;"0"
"74";"0000-00-00";;"9";"Medico";"41";"16";"91";"2459";;;"0"
"75";"0000-00-00";;"6";"Allenatore Primavera";"51";"66";"90";"26635";;;"0"
"76";"0000-00-00";;"7";"Addetto Stampa";"48";"21";"87";"8354";;;"0"
"77";"0000-00-00";;"8";"Commercialista";"56";"26";"91";"8323";;;"0"
"78";"0000-00-00";;"10";"Preparatore Atletico";"52";"20";"91";"15990";;;"0"
"79";"0000-00-00";;"4";"Psicologo Sportivo";"50";"56";"89";"21020";;;"0"
"80";"0000-00-00";;"1";"Allenatore";"72";"88";"98";"76496";"bilanciato";"difensivo";"0"
"81";"0000-00-00";;"7";"Addetto Stampa";"7";"7";"83";"500";;;"0"
"82";"0000-00-00";;"1";"Allenatore";"21";"23";"82";"10700";"razionale";"bilanciato";"0"
"83";"0000-00-00";;"5";"Allenatore Portieri";"22";"41";"97";"5700";;;"0"
"84";"0000-00-00";;"6";"Allenatore Primavera";"54";"42";"91";"35500";;;"0"
"85";"0000-00-00";;"8";"Commercialista";"21";"30";"85";"3000";;;"0"
"86";"0000-00-00";;"3";"Fisioterapista";"54";"41";"97";"28300";;;"0"
"87";"0000-00-00";;"9";"Medico";"22";"41";"82";"3040";;;"0"
"88";"0000-00-00";;"10";"Preparatore Atletico";"15";"22";"79";"1520";;;"0"
"89";"0000-00-00";;"4";"Psicologo Sportivo";"19";"17";"49";"2185";;;"0"
"90";"0000-00-00";;"2";"Vice Allenatore";"18";"44";"91";"3500";;;"0"
"91";"0000-00-00";;"1";"Allenatore";"55";"23";"100";"73";"emotivo";"bilanciato";"0"
"92";"0000-00-00";;"1";"Allenatore";"48";"48";"78";"22002";"popolare";"bilanciato";"0"
"93";"0000-00-00";;"7";"Addetto Stampa";"11";"17";"71";"446";;;"0"
"94";"0000-00-00";;"5";"Allenatore Portieri";"37";"28";"86";"4536";;;"0"
"95";"0000-00-00";;"6";"Allenatore Primavera";"55";"26";"78";"15790";;;"0"
"96";"0000-00-00";;"3";"Fisioterapista";"52";"52";"64";"14540";;;"0"
"97";"0000-00-00";;"9";"Medico";"42";"58";"73";"8208";;;"0"
"98";"0000-00-00";;"10";"Preparatore Atletico";"41";"16";"84";"4787";;;"0"
"99";"0000-00-00";;"4";"Psicologo Sportivo";"40";"8";"79";"5439";;;"0"
"100";"0000-00-00";;"2";"Vice Allenatore";"46";"21";"89";"13343";;;"0"
"101";"0000-00-00";;"7";"Addetto Stampa";"19";"38";"78";"2";;;"0"
"102";"0000-00-00";;"5";"Allenatore Portieri";"18";"14";"83";"2";;;"0"
"103";"0000-00-00";;"8";"Commercialista";"18";"5";"89";"1";;;"0"
"104";"0000-00-00";;"3";"Fisioterapista";"56";"44";"96";"38";;;"0"
"105";"0000-00-00";;"9";"Medico";"17";"21";"82";"1";;;"0"
"106";"0000-00-00";;"10";"Preparatore Atletico";"23";"19";"93";"3";;;"0"
"107";"0000-00-00";;"4";"Psicologo Sportivo";"20";"3";"77";"1";;;"0"
"108";"0000-00-00";;"2";"Vice Allenatore";"65";"51";"99";"44";;;"0"
"109";"0000-00-00";;"7";"Addetto Stampa";"65";"55";"63";"21860";;;"0"
"110";"0000-00-00";;"1";"Allenatore";"49";"69";"71";"34700";"razionale";"offensivo";"0"
"111";"0000-00-00";;"5";"Allenatore Portieri";"55";"54";"70";"28310";;;"0"
"112";"0000-00-00";;"8";"Commercialista";"50";"44";"91";"22700";;;"0"
"113";"0000-00-00";;"3";"Fisioterapista";"60";"75";"75";"33300";;;"0"
"114";"0000-00-00";;"9";"Medico";"46";"70";"66";"14340";;;"0"
"115";"0000-00-00";;"10";"Preparatore Atletico";"49";"32";"66";"7900";;;"0"
"116";"0000-00-00";;"4";"Psicologo Sportivo";"57";"71";"76";"21250";;;"0"
"117";"0000-00-00";;"2";"Vice Allenatore";"56";"90";"75";"25895";;;"0"
"118";"0000-00-00";;"6";"Allenatore Primavera";"42";"51";"99";"9420";;;"0"
"119";"0000-00-00";;"9";"Medico";"30";"56";"100";"3242";;;"0"
"120";"0000-00-00";;"3";"Fisioterapista";"42";"19";"99";"14555";;;"0"
"121";"0000-00-00";;"8";"Commercialista";"21";"28";"100";"1261";;;"0"
"122";"0000-00-00";;"2";"Vice Allenatore";"29";"36";"99";"4105";;;"0"
"123";"0000-00-00";;"4";"Psicologo Sportivo";"26";"62";"97";"1707";;;"0"
"124";"0000-00-00";;"10";"Preparatore Atletico";"33";"47";"98";"2796";;;"0"
"125";"0000-00-00";;"1";"Allenatore";"56";"84";"90";"67917";"emotivo";"bilanciato";"0"
"126";"0000-00-00";;"2";"Vice Allenatore";"46";"55";"82";"22761";;;"0"
"127";"0000-00-00";;"3";"Fisioterapista";"45";"46";"98";"17282";;;"0"
"128";"0000-00-00";;"4";"Psicologo Sportivo";"38";"34";"81";"8266";;;"0"
"129";"0000-00-00";;"5";"Allenatore Portieri";"43";"24";"93";"14900";;;"0"
"130";"0000-00-00";;"6";"Allenatore Primavera";"65";"44";"85";"43543";;;"0"
"131";"0000-00-00";;"7";"Addetto Stampa";"41";"16";"82";"11003";;;"0"
"132";"0000-00-00";;"7";"Addetto Stampa";"13";"25";"94";"1000";;;"0"
"133";"0000-00-00";;"9";"Medico";"22";"31";"80";"1945";;;"0"
"134";"0000-00-00";;"10";"Preparatore Atletico";"40";"32";"95";"8033";;;"0"
"135";"0000-00-00";;"1";"Allenatore";"55";"63";"99";"43949";"bilanciato";"bilanciato";"0"
"136";"0000-00-00";;"3";"Fisioterapista";"49";"62";"97";"21460";;;"0"
"137";"0000-00-00";;"10";"Preparatore Atletico";"37";"30";"95";"4690";;;"0"
"138";"0000-00-00";;"4";"Psicologo Sportivo";"45";"41";"100";"5577";;;"0"
"139";"0000-00-00";;"2";"Vice Allenatore";"38";"62";"98";"6272";;;"0"
"140";"0000-00-00";;"1";"Allenatore";"80";"21";"94";"48800";"bilanciato";"difensivo";"0"
"141";"0000-00-00";;"2";"Vice Allenatore";"44";"36";"89";"9069";;;"0"
"142";"0000-00-00";;"5";"Allenatore Portieri";"49";"42";"92";"6619";;;"0"
"143";"0000-00-00";;"1";"Allenatore";"60";"85";"87";"95650";"introverso";"offensivo";"0"
"144";"0000-00-00";;"7";"Addetto Stampa";"56";"38";"95";"7398";;;"0"
"145";"0000-00-00";;"5";"Allenatore Portieri";"50";"50";"77";"19650";;;"0"
"146";"0000-00-00";;"6";"Allenatore Primavera";"60";"100";"89";"19225";;;"0"
"147";"0000-00-00";;"8";"Commercialista";"47";"50";"74";"10535";;;"0"
"148";"0000-00-00";;"3";"Fisioterapista";"54";"100";"90";"25000";;;"0"
"149";"0000-00-00";;"9";"Medico";"53";"26";"84";"19800";;;"0"
"150";"0000-00-00";;"10";"Preparatore Atletico";"44";"36";"94";"6152";;;"0"
"151";"0000-00-00";;"4";"Psicologo Sportivo";"52";"26";"86";"7366";;;"0"
"152";"0000-00-00";;"2";"Vice Allenatore";"63";"69";"95";"36500";;;"0"
"153";"0000-00-00";;"7";"Addetto Stampa";"40";"47";"100";"8345";;;"0"
"154";"0000-00-00";;"1";"Allenatore";"75";"85";"98";"86615";"popolare";"bilanciato";"0"
"155";"0000-00-00";;"5";"Allenatore Portieri";"51";"53";"93";"31501";;;"0"
"156";"0000-00-00";;"6";"Allenatore Primavera";"63";"99";"93";"44940";;;"0"
"157";"0000-00-00";;"8";"Commercialista";"42";"40";"92";"7305";;;"0"
"158";"0000-00-00";;"3";"Fisioterapista";"57";"46";"89";"22760";;;"0"
"159";"0000-00-00";;"9";"Medico";"22";"33";"85";"2348";;;"0"
"160";"0000-00-00";;"10";"Preparatore Atletico";"58";"18";"95";"18400";;;"0"
"161";"0000-00-00";;"4";"Psicologo Sportivo";"43";"46";"88";"9922";;;"0"
"162";"0000-00-00";;"2";"Vice Allenatore";"67";"83";"93";"33660";;;"0"
"163";"0000-00-00";;"1";"Allenatore";"54";"69";"89";"22955";"diligente";"offensivo";"0"
"164";"0000-00-00";;"7";"Addetto Stampa";"52";"39";"86";"7679";;;"0"
"165";"0000-00-00";;"5";"Allenatore Portieri";"54";"44";"86";"11046";;;"0"
"166";"0000-00-00";;"6";"Allenatore Primavera";"64";"79";"92";"21600";;;"0"
"167";"0000-00-00";;"8";"Commercialista";"23";"10";"90";"1687";;;"0"
"168";"0000-00-00";;"3";"Fisioterapista";"55";"100";"89";"18145";;;"0"
"169";"0000-00-00";;"9";"Medico";"64";"71";"94";"12688";;;"0"
"170";"0000-00-00";;"10";"Preparatore Atletico";"54";"44";"89";"10048";;;"0"
"171";"0000-00-00";;"4";"Psicologo Sportivo";"62";"41";"86";"12918";;;"0"
"172";"0000-00-00";;"2";"Vice Allenatore";"59";"100";"88";"18340";;;"0"
"173";"0000-00-00";;"1";"Allenatore";"54";"40";"95";"60";"diligente";"bilanciato";"0"
"174";"0000-00-00";;"2";"Vice Allenatore";"54";"35";"97";"25";;;"0"
"175";"0000-00-00";;"3";"Fisioterapista";"56";"42";"95";"22";;;"0"
"176";"0000-00-00";;"6";"Allenatore Primavera";"37";"38";"94";"6";;;"0"
"177";"0000-00-00";;"9";"Medico";"45";"32";"94";"995";;;"0"
"178";"0000-00-00";;"5";"Allenatore Portieri";"41";"47";"94";"17";;;"0"
"179";"0000-00-00";;"10";"Preparatore Atletico";"41";"22";"100";"10";;;"0"
"180";"0000-00-00";;"7";"Addetto Stampa";"13";"40";"91";"792";;;"0"
"181";"0000-00-00";;"8";"Commercialista";"31";"30";"98";"915";;;"0"
"182";"0000-00-00";;"1";"Allenatore";"58";"16";"86";"40199";"introverso";"molto offensivo";"0"
"183";"0000-00-00";;"2";"Vice Allenatore";"58";"100";"35";"46150";;;"0"
"184";"0000-00-00";;"1";"Allenatore";"45";"40";"98";"63560";"introverso";"bilanciato";"0"
"185";"0000-00-00";;"2";"Vice Allenatore";"26";"52";"98";"5812";;;"0"
"186";"0000-00-00";;"10";"Preparatore Atletico";"37";"48";"89";"10494";;;"0"
"187";"0000-00-00";;"5";"Allenatore Portieri";"34";"49";"100";"13800";;;"0"
"188";"0000-00-00";;"6";"Allenatore Primavera";"52";"54";"97";"40420";;;"0"
"189";"0000-00-00";;"3";"Fisioterapista";"30";"54";"100";"10654";;;"0"
"190";"0000-00-00";;"9";"Medico";"45";"36";"81";"14556";;;"0"
"191";"0000-00-00";;"8";"Commercialista";"36";"47";"88";"9936";;;"0"
"192";"0000-00-00";;"3";"Fisioterapista";"51";"61";"76";"13953";;;"0"
"193";"0000-00-00";;"4";"Psicologo Sportivo";"56";"25";"42";"22080";;;"0"
"194";"0000-00-00";;"5";"Allenatore Portieri";"55";"36";"36";"38270";;;"0"
"195";"0000-00-00";;"6";"Allenatore Primavera";"58";"47";"91";"17011";;;"0"
"196";"0000-00-00";;"7";"Addetto Stampa";"34";"46";"47";"5040";;;"0"
"197";"0000-00-00";;"8";"Commercialista";"54";"54";"76";"15588";;;"0"
"198";"0000-00-00";;"9";"Medico";"55";"100";"49";"24830";;;"0"
"199";"0000-00-00";;"10";"Preparatore Atletico";"52";"50";"68";"11533";;;"0"
"200";"0000-00-00";;"1";"Allenatore";"43";"24";"68";"23559";"diligente";"bilanciato";"0"
"201";"0000-00-00";;"7";"Addetto Stampa";"43";"25";"89";"6681";;;"0"
"202";"0000-00-00";;"5";"Allenatore Portieri";"32";"14";"81";"4397";;;"0"
"203";"0000-00-00";;"6";"Allenatore Primavera";"54";"23";"76";"9549";;;"0"
"204";"0000-00-00";;"8";"Commercialista";"44";"9";"60";"8160";;;"0"
"205";"0000-00-00";;"3";"Fisioterapista";"55";"52";"77";"16616";;;"0"
"206";"0000-00-00";;"9";"Medico";"57";"13";"88";"9993";;;"0"
"207";"0000-00-00";;"10";"Preparatore Atletico";"54";"28";"86";"10254";;;"0"
"208";"0000-00-00";;"4";"Psicologo Sportivo";"44";"36";"84";"7651";;;"0"
"209";"0000-00-00";;"2";"Vice Allenatore";"50";"26";"79";"9551";;;"0"
"210";"0000-00-00";;"7";"Addetto Stampa";"40";"46";"98";"10176";;;"0"
"211";"0000-00-00";;"1";"Allenatore";"64";"11";"91";"83910";"diligente";"bilanciato";"0"
"212";"0000-00-00";;"5";"Allenatore Portieri";"58";"9";"96";"27580";;;"0"
"213";"0000-00-00";;"6";"Allenatore Primavera";"56";"39";"94";"23979";;;"0"
"214";"0000-00-00";;"8";"Commercialista";"21";"40";"92";"2664";;;"0"
"215";"0000-00-00";;"3";"Fisioterapista";"50";"35";"98";"13525";;;"0"
"216";"0000-00-00";;"9";"Medico";"45";"10";"99";"9262";;;"0"
"217";"0000-00-00";;"10";"Preparatore Atletico";"46";"46";"98";"17749";;;"0"
"218";"0000-00-00";;"4";"Psicologo Sportivo";"44";"40";"91";"9283";;;"0"
"219";"0000-00-00";;"2";"Vice Allenatore";"45";"49";"97";"22592";;;"0"
"220";"0000-00-00";;"7";"Addetto Stampa";"40";"51";"96";"7044";;;"0"
"221";"0000-00-00";;"1";"Allenatore";"65";"38";"96";"95347";"diligente";"bilanciato";"0"
"222";"0000-00-00";;"5";"Allenatore Portieri";"50";"24";"93";"15088";;;"0"
"223";"0000-00-00";;"6";"Allenatore Primavera";"54";"60";"98";"27843";;;"0"
"224";"0000-00-00";;"8";"Commercialista";"35";"12";"74";"3940";;;"0"
"225";"0000-00-00";;"3";"Fisioterapista";"49";"71";"89";"15626";;;"0"
"226";"0000-00-00";;"9";"Medico";"47";"45";"80";"9009";;;"0"
"227";"0000-00-00";;"10";"Preparatore Atletico";"43";"33";"94";"11495";;;"0"
"228";"0000-00-00";;"4";"Psicologo Sportivo";"47";"55";"96";"11888";;;"0"
"229";"0000-00-00";;"2";"Vice Allenatore";"51";"41";"98";"17389";;;"0"
"230";"0000-00-00";;"1";"Allenatore";"40";"46";"89";"20";"popolare";"molto difensivo";"0"
"231";"0000-00-00";;"7";"Addetto Stampa";"40";"51";"96";"4";;;"0"
"232";"0000-00-00";;"5";"Allenatore Portieri";"19";"29";"92";"1";;;"0"
"233";"0000-00-00";;"6";"Allenatore Primavera";"30";"54";"92";"7";;;"0"
"234";"0000-00-00";;"3";"Fisioterapista";"39";"41";"95";"6";;;"0"
"235";"0000-00-00";;"9";"Medico";"31";"48";"100";"2";;;"0"
"236";"0000-00-00";;"10";"Preparatore Atletico";"24";"50";"92";"2";;;"0"
"237";"0000-00-00";;"4";"Psicologo Sportivo";"47";"36";"90";"3";;;"0"
"238";"0000-00-00";;"2";"Vice Allenatore";"48";"27";"90";"4";;;"0"
"239";"0000-00-00";;"7";"Addetto Stampa";"45";"28";"84";"10900";;;"0"
"240";"0000-00-00";;"1";"Allenatore";"37";"33";"83";"26489";"bilanciato";"offensivo";"0"
"241";"0000-00-00";;"5";"Allenatore Portieri";"40";"11";"87";"8350";;;"0"
"242";"0000-00-00";;"6";"Allenatore Primavera";"36";"47";"79";"9905";;;"0"
"243";"0000-00-00";;"8";"Commercialista";"47";"38";"60";"11490";;;"0"
"244";"0000-00-00";;"3";"Fisioterapista";"45";"92";"65";"19460";;;"0"
"245";"0000-00-00";;"9";"Medico";"48";"54";"63";"13927";;;"0"
"246";"0000-00-00";;"10";"Preparatore Atletico";"34";"47";"77";"8310";;;"0"
"247";"0000-00-00";;"4";"Psicologo Sportivo";"45";"43";"84";"8396";;;"0"
"248";"0000-00-00";;"2";"Vice Allenatore";"40";"72";"82";"16250";;;"0"
"249";"0000-00-00";;"4";"Psicologo Sportivo";"37";"38";"96";"6";;;"0"
"250";"0000-00-00";;"7";"Addetto Stampa";"34";"40";"90";"6362";;;"0"
"251";"0000-00-00";;"1";"Allenatore";"43";"67";"70";"8984";"bilanciato";"offensivo";"0"
"252";"0000-00-00";;"5";"Allenatore Portieri";"33";"48";"66";"4834";;;"0"
"253";"0000-00-00";;"6";"Allenatore Primavera";"38";"52";"66";"2499";;;"0"
"254";"0000-00-00";;"8";"Commercialista";"39";"40";"52";"2460";;;"0"
"255";"0000-00-00";;"3";"Fisioterapista";"60";"47";"73";"5079";;;"0"
"256";"0000-00-00";;"9";"Medico";"30";"54";"63";"2271";;;"0"
"257";"0000-00-00";;"10";"Preparatore Atletico";"57";"37";"69";"6415";;;"0"
"258";"0000-00-00";;"4";"Psicologo Sportivo";"48";"43";"69";"4741";;;"0"
"259";"0000-00-00";;"2";"Vice Allenatore";"37";"46";"65";"4386";;;"0"
"260";"0000-00-00";;"1";"Allenatore";"81";"42";"96";"73211";"bilanciato";"offensivo";"0"
"261";"0000-00-00";;"2";"Vice Allenatore";"66";"70";"95";"24411";;;"0"
"262";"0000-00-00";;"3";"Fisioterapista";"57";"47";"87";"20935";;;"0"
"263";"0000-00-00";;"4";"Psicologo Sportivo";"66";"31";"89";"15328";;;"0"
"264";"0000-00-00";;"5";"Allenatore Portieri";"48";"23";"85";"9011";;;"0"
"265";"0000-00-00";;"6";"Allenatore Primavera";"58";"27";"96";"19471";;;"0"
"266";"0000-00-00";;"7";"Addetto Stampa";"50";"42";"71";"8382";;;"0"
"267";"0000-00-00";;"9";"Medico";"41";"91";"91";"4819";;;"0"
"268";"0000-00-00";;"10";"Preparatore Atletico";"57";"18";"89";"9482";;;"0"
"269";"0000-00-00";;"1";"Allenatore";"46";"43";"91";"41100";"bilanciato";"bilanciato";"0"
"270";"0000-00-00";;"2";"Vice Allenatore";"47";"50";"94";"17900";;;"0"
"271";"0000-00-00";;"3";"Fisioterapista";"19";"77";"91";"4000";;;"0"
"272";"0000-00-00";;"4";"Psicologo Sportivo";"35";"33";"91";"6500";;;"0"
"273";"0000-00-00";;"5";"Allenatore Portieri";"33";"55";"97";"7500";;;"0"
"274";"0000-00-00";;"6";"Allenatore Primavera";"55";"50";"92";"17000";;;"0"
"275";"0000-00-00";;"7";"Addetto Stampa";"38";"36";"96";"10500";;;"0"
"276";"0000-00-00";;"8";"Commercialista";"26";"43";"91";"4500";;;"0"
"277";"0000-00-00";;"9";"Medico";"36";"58";"93";"7000";;;"0"
"278";"0000-00-00";;"10";"Preparatore Atletico";"38";"24";"92";"8700";;;"0"
"279";"0000-00-00";;"7";"Addetto Stampa";"37";"28";"92";"11";;;"0"
"280";"0000-00-00";;"5";"Allenatore Portieri";"20";"46";"65";"4";;;"0"
"281";"0000-00-00";;"6";"Allenatore Primavera";"17";"20";"57";"3";;;"0"
"282";"0000-00-00";;"3";"Fisioterapista";"25";"42";"73";"6";;;"0"
"283";"0000-00-00";;"9";"Medico";"34";"100";"79";"8";;;"0"
"284";"0000-00-00";;"10";"Preparatore Atletico";"18";"43";"79";"1";;;"0"
"285";"0000-00-00";;"4";"Psicologo Sportivo";"23";"47";"72";"4";;;"0"
"286";"0000-00-00";;"2";"Vice Allenatore";"17";"36";"78";"2";;;"0"
"287";"0000-00-00";;"1";"Allenatore";"42";"25";"87";"0";"introverso";"offensivo";"0"
"288";"0000-00-00";;"5";"Allenatore Portieri";"63";"30";"74";"0";;;"0"
"289";"0000-00-00";;"2";"Vice Allenatore";"44";"69";"68";"0";;;"0"
"290";"0000-00-00";;"10";"Preparatore Atletico";"53";"36";"83";"0";;;"0"
"291";"0000-00-00";;"6";"Allenatore Primavera";"60";"64";"68";"0";;;"0"
"292";"0000-00-00";;"7";"Addetto Stampa";"64";"3";"96";"26055";;;"0"
"293";"0000-00-00";;"1";"Allenatore";"64";"64";"99";"149380";"diligente";"bilanciato";"0"
"294";"0000-00-00";;"5";"Allenatore Portieri";"53";"21";"99";"45240";;;"0"
"295";"0000-00-00";;"6";"Allenatore Primavera";"52";"60";"97";"48050";;;"0"
"296";"0000-00-00";;"8";"Commercialista";"53";"11";"100";"18180";;;"0"
"297";"0000-00-00";;"3";"Fisioterapista";"67";"66";"96";"41089";;;"0"
"298";"0000-00-00";;"9";"Medico";"52";"65";"97";"22950";;;"0"
"299";"0000-00-00";;"10";"Preparatore Atletico";"48";"60";"98";"22160";;;"0"
"300";"0000-00-00";;"4";"Psicologo Sportivo";"51";"36";"99";"22120";;;"0"
"301";"0000-00-00";;"2";"Vice Allenatore";"65";"71";"98";"72240";;;"0"
"302";"0000-00-00";;"1";"Allenatore";"44";"3";"88";"26000";"razionale";"molto difensivo";"0"
"303";"0000-00-00";;"1";"Allenatore";"34";"24";"76";"10793";"incostante";"difensivo";"0"
"304";"0000-00-00";;"2";"Vice Allenatore";"52";"47";"69";"6613";;;"0"
"305";"0000-00-00";;"5";"Allenatore Portieri";"35";"21";"89";"4228";;;"0"
"306";"0000-00-00";;"1";"Allenatore";"45";"34";"95";"37098";"bilanciato";"molto offensivo";"0"
"307";"0000-00-00";;"2";"Vice Allenatore";"36";"12";"89";"7532";;;"0"
"308";"0000-00-00";;"5";"Allenatore Portieri";"14";"18";"97";"630";;;"0"
"309";"0000-00-00";;"3";"Fisioterapista";"14";"26";"95";"2035";;;"0"
"310";"0000-00-00";;"4";"Psicologo Sportivo";"21";"22";"93";"1085";;;"0"
"311";"0000-00-00";;"6";"Allenatore Primavera";"21";"56";"95";"2660";;;"0"
"312";"0000-00-00";;"10";"Preparatore Atletico";"18";"34";"95";"2595";;;"0"
"313";"0000-00-00";;"9";"Medico";"28";"58";"100";"1945";;;"0"
"314";"0000-00-00";;"8";"Commercialista";"15";"27";"97";"1437";;;"0"
"315";"0000-00-00";;"7";"Addetto Stampa";"16";"18";"96";"1593";;;"0"
"316";"0000-00-00";;"7";"Addetto Stampa";"40";"28";"91";"6570";;;"0"
"317";"0000-00-00";;"1";"Allenatore";"67";"9";"99";"81539";"incostante";"molto offensivo";"0"
"318";"0000-00-00";;"2";"Vice Allenatore";"64";"36";"91";"21137";;;"0"
"319";"0000-00-00";;"5";"Allenatore Portieri";"41";"24";"98";"11988";;;"0"
"320";"0000-00-00";;"6";"Allenatore Primavera";"44";"13";"98";"11600";;;"0"
"321";"0000-00-00";;"3";"Fisioterapista";"50";"41";"97";"12248";;;"0"
"322";"0000-00-00";;"9";"Medico";"31";"31";"81";"3879";;;"0"
"323";"0000-00-00";;"10";"Preparatore Atletico";"41";"17";"97";"5844";;;"0"
"324";"0000-00-00";;"4";"Psicologo Sportivo";"18";"53";"98";"976";;;"0"
"325";"0000-00-00";;"7";"Addetto Stampa";"35";"30";"98";"4145";;;"0"
"326";"0000-00-00";;"6";"Allenatore Primavera";"49";"33";"99";"19374";;;"0"
"327";"0000-00-00";;"9";"Medico";"23";"39";"90";"2080";;;"0"
"328";"0000-00-00";;"1";"Allenatore";"38";"31";"89";"30059";"diligente";"molto offensivo";"0"
"329";"0000-00-00";;"2";"Vice Allenatore";"30";"51";"83";"10944";;;"0"
"330";"0000-00-00";;"3";"Fisioterapista";"22";"46";"88";"4300";;;"0"
"331";"0000-00-00";;"4";"Psicologo Sportivo";"19";"22";"78";"2300";;;"0"
"332";"0000-00-00";;"5";"Allenatore Portieri";"23";"15";"86";"3336";;;"0"
"333";"0000-00-00";;"6";"Allenatore Primavera";"35";"36";"88";"6516";;;"0"
"334";"0000-00-00";;"7";"Addetto Stampa";"35";"32";"90";"7885";;;"0"
"335";"0000-00-00";;"8";"Commercialista";"15";"37";"88";"1046";;;"0"
"336";"0000-00-00";;"9";"Medico";"19";"31";"77";"1770";;;"0"
"337";"0000-00-00";;"10";"Preparatore Atletico";"35";"28";"85";"5739";;;"0"
"338";"0000-00-00";;"1";"Allenatore";"71";"47";"93";"52126";"popolare";"bilanciato";"0"
"339";"0000-00-00";;"2";"Vice Allenatore";"67";"43";"93";"18659";;;"0"
"340";"0000-00-00";;"3";"Fisioterapista";"54";"57";"91";"22556";;;"0"
"341";"0000-00-00";;"4";"Psicologo Sportivo";"59";"62";"92";"27030";;;"0"
"342";"0000-00-00";;"5";"Allenatore Portieri";"54";"27";"97";"25888";;;"0"
"343";"0000-00-00";;"6";"Allenatore Primavera";"62";"32";"90";"22775";;;"0"
"344";"0000-00-00";;"7";"Addetto Stampa";"60";"25";"97";"23360";;;"0"
"345";"0000-00-00";;"8";"Commercialista";"55";"49";"77";"12911";;;"0"
"346";"0000-00-00";;"9";"Medico";"63";"16";"80";"19330";;;"0"
"347";"0000-00-00";;"10";"Preparatore Atletico";"52";"34";"92";"14437";;;"0"
"348";"0000-00-00";;"8";"Commercialista";"37";"8";"99";"0";;;"0"
"349";"0000-00-00";;"9";"Medico";"38";"35";"96";"0";;;"0"
"350";"0000-00-00";;"4";"Psicologo Sportivo";"41";"33";"99";"0";;;"0"
"351";"0000-00-00";;"10";"Preparatore Atletico";"61";"54";"99";"0";;;"0"
"352";"0000-00-00";;"6";"Allenatore Primavera";"62";"62";"99";"0";;;"0"
"353";"0000-00-00";;"5";"Allenatore Portieri";"56";"20";"98";"0";;;"0"
"354";"0000-00-00";;"2";"Vice Allenatore";"51";"44";"98";"0";;;"0"
"355";"0000-00-00";;"1";"Allenatore";"65";"55";"99";"0";"emotivo";"bilanciato";"0"
"356";"0000-00-00";;"7";"Addetto Stampa";"49";"31";"99";"0";;;"0"
"357";"0000-00-00";;"3";"Fisioterapista";"55";"39";"96";"0";;;"0"
"358";"0000-00-00";;"1";"Allenatore";"62";"82";"92";"65831";"bilanciato";"bilanciato";"0"
"359";"0000-00-00";;"2";"Vice Allenatore";"60";"100";"93";"45450";;;"0"
"360";"0000-00-00";;"1";"Allenatore";"63";"23";"82";"34035";"razionale";"bilanciato";"0"
"361";"0000-00-00";;"2";"Vice Allenatore";"27";"13";"97";"2678";;;"0"
"362";"0000-00-00";;"3";"Fisioterapista";"29";"26";"79";"2341";;;"0"
"363";"0000-00-00";;"4";"Psicologo Sportivo";"23";"14";"70";"1379";;;"0"
"364";"0000-00-00";;"5";"Allenatore Portieri";"19";"11";"52";"1619";;;"0"
"365";"0000-00-00";;"6";"Allenatore Primavera";"56";"67";"59";"13680";;;"0"
"366";"0000-00-00";;"7";"Addetto Stampa";"22";"44";"77";"454";;;"0"
"367";"0000-00-00";;"8";"Commercialista";"58";"45";"87";"13051";;;"0"
"368";"0000-00-00";;"9";"Medico";"16";"24";"100";"398";;;"0"
"369";"0000-00-00";;"10";"Preparatore Atletico";"48";"33";"74";"4090";;;"0"
"370";"0000-00-00";;"7";"Addetto Stampa";"55";"26";"70";"19300";;;"0"
"371";"0000-00-00";;"1";"Allenatore";"60";"49";"83";"80060";"popolare";"bilanciato";"0"
"372";"0000-00-00";;"6";"Allenatore Primavera";"51";"35";"92";"18523";;;"0"
"373";"0000-00-00";;"8";"Commercialista";"40";"38";"75";"8356";;;"0"
"374";"0000-00-00";;"3";"Fisioterapista";"32";"80";"61";"2800";;;"0"
"375";"0000-00-00";;"9";"Medico";"44";"27";"91";"9185";;;"0"
"376";"0000-00-00";;"10";"Preparatore Atletico";"44";"49";"68";"9193";;;"0"
"377";"0000-00-00";;"4";"Psicologo Sportivo";"37";"28";"73";"6476";;;"0"
"378";"0000-00-00";;"2";"Vice Allenatore";"48";"19";"96";"13440";;;"0"
"379";"0000-00-00";;"1";"Allenatore";"53";"45";"85";"46845";"introverso";"bilanciato";"0"
"380";"0000-00-00";;"1";"Allenatore";"44";"35";"87";"31200";"popolare";"bilanciato";"0"
"381";"0000-00-00";;"2";"Vice Allenatore";"18";"42";"76";"1396";;;"0"
"382";"0000-00-00";;"6";"Allenatore Primavera";"54";"51";"79";"18772";;;"0"
"383";"0000-00-00";;"3";"Fisioterapista";"31";"29";"83";"7064";;;"0"
"384";"0000-00-00";;"5";"Allenatore Portieri";"14";"29";"66";"803";;;"0"
"385";"0000-00-00";;"7";"Addetto Stampa";"15";"32";"58";"700";;;"0"
"386";"0000-00-00";;"10";"Preparatore Atletico";"15";"26";"76";"889";;;"0"
"387";"0000-00-00";;"4";"Psicologo Sportivo";"15";"13";"55";"762";;;"0"
"388";"0000-00-00";;"5";"Allenatore Portieri";"26";"33";"99";"3435";;;"0"
"389";"0000-00-00";;"1";"Allenatore";"30";"42";"97";"9008";"popolare";"bilanciato";"0"
"390";"0000-00-00";;"7";"Addetto Stampa";"32";"34";"96";"2837";;;"0"
"391";"0000-00-00";;"1";"Allenatore";"27";"60";"93";"7";"diligente";"bilanciato";"0"
"392";"0000-00-00";;"2";"Vice Allenatore";"35";"40";"95";"9";;;"0"
"393";"0000-00-00";;"1";"Allenatore";"83";"68";"100";"45000";"bilanciato";"bilanciato";"0"
"394";"0000-00-00";;"7";"Addetto Stampa";"43";"63";"100";"17000";;;"0"
"395";"0000-00-00";;"5";"Allenatore Portieri";"46";"49";"100";"10600";;;"0"
"396";"0000-00-00";;"6";"Allenatore Primavera";"61";"68";"100";"15000";;;"0"
"397";"0000-00-00";;"8";"Commercialista";"47";"45";"100";"11000";;;"0"
"398";"0000-00-00";;"3";"Fisioterapista";"52";"59";"100";"18000";;;"0"
"399";"0000-00-00";;"9";"Medico";"42";"20";"100";"9000";;;"0"
"400";"0000-00-00";;"10";"Preparatore Atletico";"62";"70";"100";"48000";;;"0"
"401";"0000-00-00";;"4";"Psicologo Sportivo";"51";"60";"100";"18000";;;"0"
"402";"0000-00-00";;"2";"Vice Allenatore";"56";"52";"100";"21000";;;"0"
"403";"0000-00-00";;"1";"Allenatore";"63";"48";"100";"45000";"bilanciato";"bilanciato";"0"
"404";"0000-00-00";;"1";"Allenatore";"74";"40";"94";"90500";"popolare";"molto difensivo";"0"
"405";"0000-00-00";;"7";"Addetto Stampa";"41";"20";"83";"8931";;;"0"
"406";"0000-00-00";;"5";"Allenatore Portieri";"43";"43";"91";"8571";;;"0"
"407";"0000-00-00";;"6";"Allenatore Primavera";"56";"13";"95";"18500";;;"0"
"408";"0000-00-00";;"8";"Commercialista";"45";"5";"71";"5440";;;"0"
"409";"0000-00-00";;"3";"Fisioterapista";"53";"33";"90";"17500";;;"0"
"410";"0000-00-00";;"9";"Medico";"41";"96";"40";"14000";;;"0"
"411";"0000-00-00";;"10";"Preparatore Atletico";"39";"23";"71";"9560";;;"0"
"412";"0000-00-00";;"4";"Psicologo Sportivo";"44";"45";"96";"8500";;;"0"
"413";"0000-00-00";;"2";"Vice Allenatore";"64";"44";"91";"16850";;;"0"
"414";"0000-00-00";;"1";"Allenatore";"84";"100";"93";"117331";"bilanciato";"molto offensivo";"0"
"415";"0000-00-00";;"2";"Vice Allenatore";"57";"86";"82";"11920";;;"0"
"416";"0000-00-00";;"6";"Allenatore Primavera";"80";"100";"83";"38460";;;"0"
"417";"0000-00-00";;"1";"Allenatore";"45";"18";"76";"36300";"popolare";"bilanciato";"0"
"418";"0000-00-00";;"3";"Fisioterapista";"37";"25";"56";"13500";;;"0"
"419";"0000-00-00";;"7";"Addetto Stampa";"46";"32";"98";"13611";;;"0"
"420";"0000-00-00";;"1";"Allenatore";"52";"30";"95";"97010";"razionale";"bilanciato";"0"
"421";"0000-00-00";;"5";"Allenatore Portieri";"47";"21";"99";"17908";;;"0"
"422";"0000-00-00";;"6";"Allenatore Primavera";"47";"48";"97";"13164";;;"0"
"423";"0000-00-00";;"8";"Commercialista";"12";"31";"94";"1470";;;"0"
"424";"0000-00-00";;"3";"Fisioterapista";"41";"56";"97";"6699";;;"0"
"425";"0000-00-00";;"9";"Medico";"28";"45";"99";"2120";;;"0"
"426";"0000-00-00";;"10";"Preparatore Atletico";"45";"46";"99";"5845";;;"0"
"427";"0000-00-00";;"4";"Psicologo Sportivo";"35";"57";"96";"6421";;;"0"
"428";"0000-00-00";;"2";"Vice Allenatore";"44";"47";"98";"16600";;;"0"
"429";"0000-00-00";;"1";"Allenatore";"53";"3";"93";"60800";"popolare";"difensivo";"0"
"430";"0000-00-00";;"2";"Vice Allenatore";"45";"15";"71";"17540";;;"0"
"431";"0000-00-00";;"5";"Allenatore Portieri";"28";"5";"97";"6900";;;"0"
"432";"0000-00-00";;"1";"Allenatore";"60";"55";"99";"70130";"introverso";"offensivo";"0"
"433";"0000-00-00";;"2";"Vice Allenatore";"60";"31";"97";"47420";;;"0"
"434";"0000-00-00";;"5";"Allenatore Portieri";"55";"41";"100";"20992";;;"0"
"435";"0000-00-00";;"7";"Addetto Stampa";"46";"13";"78";"10083";;;"0"
"436";"0000-00-00";;"1";"Allenatore";"65";"12";"90";"35186";"diligente";"molto offensivo";"0"
"437";"0000-00-00";;"5";"Allenatore Portieri";"61";"15";"93";"19620";;;"0"
"438";"0000-00-00";;"6";"Allenatore Primavera";"54";"50";"94";"13696";;;"0"
"439";"0000-00-00";;"8";"Commercialista";"63";"12";"90";"12255";;;"0"
"440";"0000-00-00";;"3";"Fisioterapista";"49";"19";"89";"16168";;;"0"
"441";"0000-00-00";;"9";"Medico";"43";"38";"93";"7898";;;"0"
"442";"0000-00-00";;"10";"Preparatore Atletico";"47";"11";"95";"11544";;;"0"
"443";"0000-00-00";;"4";"Psicologo Sportivo";"59";"28";"83";"10904";;;"0"
"444";"0000-00-00";;"2";"Vice Allenatore";"55";"42";"92";"17791";;;"0"
"445";"0000-00-00";;"7";"Addetto Stampa";"43";"45";"76";"3664";;;"0"
"446";"0000-00-00";;"3";"Fisioterapista";"46";"17";"92";"10149";;;"0"
"447";"0000-00-00";;"10";"Preparatore Atletico";"44";"13";"92";"10149";;;"0"
"448";"0000-00-00";;"4";"Psicologo Sportivo";"45";"24";"97";"9856";;;"0"
"449";"0000-00-00";;"1";"Allenatore";"82";"100";"82";"91565";"razionale";"bilanciato";"0"
"450";"0000-00-00";;"2";"Vice Allenatore";"80";"100";"82";"45810";;;"0"
"451";"0000-00-00";;"8";"Commercialista";"50";"53";"85";"14476";;;"0"
"452";"0000-00-00";;"5";"Allenatore Portieri";"59";"33";"85";"31405";;;"0"
"453";"0000-00-00";;"1";"Allenatore";"41";"16";"94";"27";"bilanciato";"molto offensivo";"0"
"454";"0000-00-00";;"2";"Vice Allenatore";"23";"30";"73";"2";;;"0"
"455";"0000-00-00";;"3";"Fisioterapista";"15";"34";"89";"1";;;"0"
"456";"0000-00-00";;"4";"Psicologo Sportivo";"35";"39";"85";"2";;;"0"
"457";"0000-00-00";;"5";"Allenatore Portieri";"19";"45";"80";"2";;;"0"
"458";"0000-00-00";;"6";"Allenatore Primavera";"38";"23";"79";"6";;;"0"
"459";"0000-00-00";;"7";"Addetto Stampa";"41";"36";"92";"6";;;"0"
"460";"0000-00-00";;"8";"Commercialista";"13";"23";"84";"0";;;"0"
"461";"0000-00-00";;"9";"Medico";"23";"43";"86";"2";;;"0"
"462";"0000-00-00";;"10";"Preparatore Atletico";"32";"13";"82";"2";;;"0"
"463";"0000-00-00";;"1";"Allenatore";"71";"12";"95";"60416";"razionale";"bilanciato";"0"
"464";"0000-00-00";;"3";"Fisioterapista";"70";"100";"94";"64295";;;"0"
"465";"0000-00-00";;"2";"Vice Allenatore";"69";"78";"95";"46760";;;"0"
"466";"0000-00-00";;"10";"Preparatore Atletico";"63";"65";"98";"31155";;;"0"
"467";"0000-00-00";;"5";"Allenatore Portieri";"51";"17";"94";"14705";;;"0"
"468";"0000-00-00";;"8";"Commercialista";"56";"42";"69";"27550";;;"0"
"469";"0000-00-00";;"7";"Addetto Stampa";"54";"20";"96";"23830";;;"0"
"470";"0000-00-00";;"4";"Psicologo Sportivo";"52";"26";"91";"17783";;;"0"
"471";"0000-00-00";;"6";"Allenatore Primavera";"48";"28";"94";"9000";;;"0"
"472";"0000-00-00";;"9";"Medico";"49";"34";"77";"5509";;;"0"
"473";"0000-00-00";;"7";"Addetto Stampa";"20";"20";"70";"1500";;;"0"
"474";"0000-00-00";;"1";"Allenatore";"41";"49";"80";"6120";"introverso";"bilanciato";"0"
"475";"0000-00-00";;"5";"Allenatore Portieri";"19";"40";"80";"2822";;;"0"
"476";"0000-00-00";;"6";"Allenatore Primavera";"65";"23";"94";"22304";;;"0"
"477";"0000-00-00";;"3";"Fisioterapista";"48";"16";"65";"10923";;;"0"
"478";"0000-00-00";;"9";"Medico";"20";"33";"86";"2224";;;"0"
"479";"0000-00-00";;"10";"Preparatore Atletico";"51";"9";"87";"15200";;;"0"
"480";"0000-00-00";;"4";"Psicologo Sportivo";"30";"5";"94";"4100";;;"0"
"481";"0000-00-00";;"2";"Vice Allenatore";"30";"38";"79";"6500";;;"0"
"482";"0000-00-00";;"7";"Addetto Stampa";"32";"31";"99";"6562";;;"0"
"483";"0000-00-00";;"5";"Allenatore Portieri";"36";"39";"96";"7767";;;"0"
"484";"0000-00-00";;"8";"Commercialista";"39";"16";"97";"2505";;;"0"
"485";"0000-00-00";;"1";"Allenatore";"44";"69";"81";"59420";"bilanciato";"difensivo";"0"
"486";"0000-00-00";;"2";"Vice Allenatore";"40";"79";"78";"18810";;;"0"
"487";"0000-00-00";;"5";"Allenatore Portieri";"52";"36";"80";"29740";;;"0"
"488";"0000-00-00";;"3";"Fisioterapista";"41";"63";"80";"18620";;;"0"
"489";"0000-00-00";;"9";"Medico";"44";"46";"79";"17170";;;"0"
"490";"0000-00-00";;"10";"Preparatore Atletico";"42";"45";"75";"14000";;;"0"
"491";"0000-00-00";;"7";"Addetto Stampa";"9";"5";"90";"418";;;"0"
"492";"0000-00-00";;"1";"Allenatore";"47";"49";"88";"20";"incostante";"bilanciato";"0"
"493";"0000-00-00";;"2";"Vice Allenatore";"10";"45";"92";"1200";;;"0"
"494";"0000-00-00";;"4";"Psicologo Sportivo";"6";"6";"6";"500";;;"0"
"495";"0000-00-00";;"10";"Preparatore Atletico";"17";"35";"94";"2175";;;"0"
"496";"0000-00-00";;"9";"Medico";"20";"30";"88";"2444";;;"0"
"497";"0000-00-00";;"3";"Fisioterapista";"6";"11";"83";"500";;;"0"
"498";"0000-00-00";;"8";"Commercialista";"7";"15";"88";"500";;;"0"
"499";"0000-00-00";;"6";"Allenatore Primavera";"14";"16";"79";"1500";;;"0"
"500";"0000-00-00";;"5";"Allenatore Portieri";"16";"42";"85";"2900";;;"0"
"501";"0000-00-00";;"1";"Allenatore";"14";"36";"81";"5200";"diligente";"offensivo";"0"
"502";"0000-00-00";;"1";"Allenatore";"97";"52";"93";"150229";"emotivo";"bilanciato";"0"
"503";"0000-00-00";;"6";"Allenatore Primavera";"96";"94";"92";"68514";;;"0"
"504";"0000-00-00";;"7";"Addetto Stampa";"87";"41";"77";"31200";;;"0"
"505";"0000-00-00";;"10";"Preparatore Atletico";"79";"20";"81";"61280";;;"0"
"506";"0000-00-00";;"4";"Psicologo Sportivo";"72";"16";"81";"41160";;;"0"
"507";"0000-00-00";;"2";"Vice Allenatore";"73";"73";"85";"26734";;;"0"
"508";"0000-00-00";;"5";"Allenatore Portieri";"69";"59";"80";"51840";;;"0"
"509";"0000-00-00";;"3";"Fisioterapista";"64";"100";"79";"61230";;;"0"
"510";"0000-00-00";;"9";"Medico";"35";"25";"62";"4799";;;"0"
"511";"0000-00-00";;"1";"Allenatore";"51";"28";"95";"56516";"razionale";"offensivo";"0"
"512";"0000-00-00";;"2";"Vice Allenatore";"59";"26";"97";"13095";;;"0"
"513";"0000-00-00";;"5";"Allenatore Portieri";"12";"20";"94";"1098";;;"0"
"514";"0000-00-00";;"7";"Addetto Stampa";"93";"96";"82";"36110";;;"0"
"515";"0000-00-00";;"5";"Allenatore Portieri";"58";"47";"90";"16820";;;"0"
"516";"0000-00-00";;"8";"Commercialista";"44";"20";"99";"5974";;;"0"
"517";"0000-00-00";;"3";"Fisioterapista";"48";"67";"83";"17490";;;"0"
"518";"0000-00-00";;"9";"Medico";"47";"45";"79";"10744";;;"0"
"519";"0000-00-00";;"10";"Preparatore Atletico";"60";"55";"85";"9930";;;"0"
"520";"0000-00-00";;"4";"Psicologo Sportivo";"36";"41";"91";"7820";;;"0"
"521";"0000-00-00";;"1";"Allenatore";"49";"61";"100";"0";"razionale";"bilanciato";"0"
"522";"0000-00-00";;"2";"Vice Allenatore";"34";"67";"97";"0";;;"0"
"523";"0000-00-00";;"5";"Allenatore Portieri";"10";"13";"92";"0";;;"0"
"524";"0000-00-00";;"1";"Allenatore";"47";"71";"99";"0";"bilanciato";"bilanciato";"0"
"525";"0000-00-00";;"2";"Vice Allenatore";"15";"32";"98";"0";;;"0"
"526";"0000-00-00";;"3";"Fisioterapista";"50";"10";"99";"0";;;"0"
"527";"0000-00-00";;"4";"Psicologo Sportivo";"47";"21";"99";"0";;;"0"
"528";"0000-00-00";;"5";"Allenatore Portieri";"42";"13";"100";"0";;;"0"
"529";"0000-00-00";;"6";"Allenatore Primavera";"23";"53";"88";"0";;;"0"
"530";"0000-00-00";;"7";"Addetto Stampa";"40";"9";"80";"0";;;"0"
"531";"0000-00-00";;"8";"Commercialista";"34";"41";"98";"0";;;"0"
"532";"0000-00-00";;"9";"Medico";"37";"32";"99";"0";;;"0"
"533";"0000-00-00";;"10";"Preparatore Atletico";"35";"58";"99";"0";;;"0"
"534";"0000-00-00";;"1";"Allenatore";"10";"8";"90";"0";"introverso";"offensivo";"0"
"535";"0000-00-00";;"1";"Allenatore";"45";"23";"90";"25099";"emotivo";"offensivo";"0"
"536";"0000-00-00";;"2";"Vice Allenatore";"42";"39";"86";"13393";;;"0"
"537";"0000-00-00";;"3";"Fisioterapista";"47";"14";"89";"10251";;;"0"
"538";"0000-00-00";;"4";"Psicologo Sportivo";"39";"33";"89";"9122";;;"0"
"539";"0000-00-00";;"5";"Allenatore Portieri";"42";"42";"88";"17291";;;"0"
"540";"0000-00-00";;"6";"Allenatore Primavera";"45";"40";"88";"20412";;;"0"
"541";"0000-00-00";;"7";"Addetto Stampa";"42";"25";"90";"9840";;;"0"
"542";"0000-00-00";;"8";"Commercialista";"45";"34";"89";"8887";;;"0"
"543";"0000-00-00";;"9";"Medico";"42";"24";"88";"6982";;;"0"
"544";"0000-00-00";;"10";"Preparatore Atletico";"46";"40";"90";"12685";;;"0"
"545";"0000-00-00";;"9";"Medico";"29";"44";"86";"3349";;;"0"
"546";"0000-00-00";;"1";"Allenatore";"72";"32";"66";"118200";"diligente";"bilanciato";"0"
"547";"0000-00-00";;"2";"Vice Allenatore";"67";"100";"65";"34410";;;"0"
"548";"0000-00-00";;"3";"Fisioterapista";"67";"100";"68";"36120";;;"0"
"549";"0000-00-00";;"4";"Psicologo Sportivo";"45";"34";"56";"15920";;;"0"
"550";"0000-00-00";;"5";"Allenatore Portieri";"45";"30";"54";"20070";;;"0"
"551";"0000-00-00";;"6";"Allenatore Primavera";"51";"91";"65";"24570";;;"0"
"552";"0000-00-00";;"7";"Addetto Stampa";"36";"17";"71";"5948";;;"0"
"553";"0000-00-00";;"9";"Medico";"28";"83";"49";"6800";;;"0"
"554";"0000-00-00";;"8";"Commercialista";"48";"42";"71";"16800";;;"0"
"555";"0000-00-00";;"10";"Preparatore Atletico";"67";"27";"58";"30950";;;"0"
"556";"0000-00-00";;"1";"Allenatore";"51";"61";"92";"0";"popolare";"bilanciato";"0"
"557";"0000-00-00";;"1";"Allenatore";"70";"95";"94";"89270";"incostante";"difensivo";"0"
"558";"0000-00-00";;"2";"Vice Allenatore";"72";"66";"80";"45760";;;"0"
"559";"0000-00-00";;"3";"Fisioterapista";"69";"100";"67";"52860";;;"0"
"560";"0000-00-00";;"4";"Psicologo Sportivo";"51";"29";"58";"19090";;;"0"
"561";"0000-00-00";;"5";"Allenatore Portieri";"37";"34";"57";"13960";;;"0"
"562";"0000-00-00";;"6";"Allenatore Primavera";"67";"100";"64";"66250";;;"0"
"563";"0000-00-00";;"7";"Addetto Stampa";"38";"15";"90";"8000";;;"0"
"564";"0000-00-00";;"8";"Commercialista";"50";"15";"27";"14600";;;"0"
"565";"0000-00-00";;"9";"Medico";"30";"88";"20";"7200";;;"0"
"566";"0000-00-00";;"10";"Preparatore Atletico";"64";"67";"64";"38980";;;"0"
"567";"0000-00-00";;"7";"Addetto Stampa";"48";"27";"98";"3443";;;"0"
"568";"0000-00-00";;"1";"Allenatore";"69";"52";"90";"84092";"razionale";"bilanciato";"0"
"569";"0000-00-00";;"5";"Allenatore Portieri";"51";"54";"91";"18987";;;"0"
"570";"0000-00-00";;"6";"Allenatore Primavera";"53";"70";"95";"11560";;;"0"
"571";"0000-00-00";;"8";"Commercialista";"31";"52";"78";"2649";;;"0"
"572";"0000-00-00";;"3";"Fisioterapista";"55";"39";"97";"13054";;;"0"
"573";"0000-00-00";;"9";"Medico";"55";"35";"96";"7454";;;"0"
"574";"0000-00-00";;"10";"Preparatore Atletico";"57";"56";"92";"11306";;;"0"
"575";"0000-00-00";;"4";"Psicologo Sportivo";"56";"66";"97";"7260";;;"0"
"576";"0000-00-00";;"2";"Vice Allenatore";"52";"8";"90";"12562";;;"0"
"577";"0000-00-00";;"4";"Psicologo Sportivo";"51";"28";"97";"9799";;;"0"
"578";"0000-00-00";;"3";"Fisioterapista";"44";"56";"99";"16376";;;"0"
"579";"0000-00-00";;"10";"Preparatore Atletico";"45";"21";"95";"5093";;;"0"
"580";"0000-00-00";;"8";"Commercialista";"40";"19";"100";"5995";;;"0"
"581";"0000-00-00";;"6";"Allenatore Primavera";"17";"51";"85";"3486";;;"0"
"582";"0000-00-00";;"7";"Addetto Stampa";"30";"43";"93";"4131";;;"0"
"583";"0000-00-00";;"9";"Medico";"21";"33";"90";"2568";;;"0"
"584";"0000-00-00";;"1";"Allenatore";"64";"62";"97";"116874";"incostante";"bilanciato";"0"
"585";"0000-00-00";;"2";"Vice Allenatore";"61";"13";"91";"41590";;;"0"
"586";"0000-00-00";;"1";"Allenatore";"54";"10";"84";"71300";"diligente";"molto offensivo";"0"
"587";"0000-00-00";;"2";"Vice Allenatore";"19";"37";"86";"3500";;;"0"
"588";"0000-00-00";;"3";"Fisioterapista";"53";"32";"97";"27200";;;"0"
"589";"0000-00-00";;"4";"Psicologo Sportivo";"7";"4";"77";"500";;;"0"
"590";"0000-00-00";;"5";"Allenatore Portieri";"14";"43";"76";"2700";;;"0"
"591";"0000-00-00";;"6";"Allenatore Primavera";"7";"4";"93";"500";;;"0"
"592";"0000-00-00";;"7";"Addetto Stampa";"15";"30";"77";"1600";;;"0"
"593";"0000-00-00";;"8";"Commercialista";"20";"42";"93";"3500";;;"0"
"594";"0000-00-00";;"9";"Medico";"7";"11";"88";"500";;;"0"
"595";"0000-00-00";;"10";"Preparatore Atletico";"8";"9";"79";"500";;;"0"
"596";"0000-00-00";;"1";"Allenatore";"31";"45";"93";"27500";"emotivo";"offensivo";"0"
"597";"0000-00-00";;"5";"Allenatore Portieri";"17";"25";"76";"2900";;;"0"
"598";"0000-00-00";;"4";"Psicologo Sportivo";"27";"39";"80";"7000";;;"0"
"599";"0000-00-00";;"1";"Allenatore";"26";"40";"98";"0";"bilanciato";"offensivo";"0"
"600";"0000-00-00";;"2";"Vice Allenatore";"38";"14";"88";"0";;;"0"
"601";"0000-00-00";;"7";"Addetto Stampa";"34";"49";"98";"0";;;"0"
"602";"0000-00-00";;"5";"Allenatore Portieri";"18";"41";"90";"0";;;"0"
"603";"0000-00-00";;"6";"Allenatore Primavera";"18";"15";"81";"0";;;"0"
"604";"0000-00-00";;"3";"Fisioterapista";"20";"8";"87";"0";;;"0"
"605";"0000-00-00";;"8";"Commercialista";"20";"21";"77";"0";;;"0"
"606";"0000-00-00";;"9";"Medico";"19";"21";"89";"0";;;"0"
"607";"0000-00-00";;"10";"Preparatore Atletico";"14";"23";"86";"0";;;"0"
"608";"0000-00-00";;"4";"Psicologo Sportivo";"29";"21";"91";"0";;;"0"
"609";"0000-00-00";;"2";"Vice Allenatore";"67";"100";"88";"44450";;;"0"
"610";"0000-00-00";;"5";"Allenatore Portieri";"38";"21";"77";"6762";;;"0"
"611";"0000-00-00";;"1";"Allenatore";"82";"100";"6";"0";"diligente";"offensivo";"0"
"612";"0000-00-00";;"2";"Vice Allenatore";"63";"100";"68";"0";;;"0"
"613";"0000-00-00";;"5";"Allenatore Portieri";"48";"12";"87";"0";;;"0"
"614";"0000-00-00";;"1";"Allenatore";"42";"36";"86";"34839";"incostante";"bilanciato";"0"
"615";"0000-00-00";;"6";"Allenatore Primavera";"30";"33";"94";"6080";;;"0"
"616";"0000-00-00";;"3";"Fisioterapista";"23";"44";"91";"4267";;;"0"
"617";"0000-00-00";;"9";"Medico";"25";"26";"87";"2747";;;"0"
"618";"0000-00-00";;"10";"Preparatore Atletico";"29";"30";"92";"4616";;;"0"
"619";"0000-00-00";;"4";"Psicologo Sportivo";"26";"36";"93";"3924";;;"0"
"620";"0000-00-00";;"2";"Vice Allenatore";"31";"29";"87";"5429";;;"0"
"621";"0000-00-00";;"5";"Allenatore Portieri";"19";"28";"86";"2127";;;"0"
"622";"0000-00-00";;"7";"Addetto Stampa";"23";"40";"85";"3302";;;"0"
"623";"0000-00-00";;"1";"Allenatore";"5";"8";"97";"500";"bilanciato";"molto difensivo";"0"
"624";"0000-00-00";;"3";"Fisioterapista";"21";"17";"100";"2200";;;"0"
"625";"0000-00-00";;"7";"Addetto Stampa";"8";"8";"83";"418";;;"0"
"626";"0000-00-00";;"1";"Allenatore";"10";"13";"78";"1308";"diligente";"difensivo";"0"
"627";"0000-00-00";;"8";"Commercialista";"9";"8";"83";"475";;;"0"
"628";"0000-00-00";;"3";"Fisioterapista";"16";"10";"84";"2400";;;"0"
"629";"0000-00-00";;"10";"Preparatore Atletico";"8";"11";"78";"500";;;"0"
"630";"0000-00-00";;"5";"Allenatore Portieri";"29";"15";"89";"5316";;;"0"
"631";"0000-00-00";;"5";"Allenatore Portieri";"19";"18";"91";"2224";;;"0"
"632";"0000-00-00";;"7";"Addetto Stampa";"38";"21";"91";"0";;;"0"
"633";"0000-00-00";;"8";"Commercialista";"30";"30";"30";"3000";"discreto";;"0"
